userId,firstName,lastName,gender,email,state,country,phone,ipAddressId
1,Dorette,Burbidge,Male,dburbidge0@japanpost.jp,Ohio,US,834-424-8856,48
2,Farley,Mongenot,Female,fmulryan1@adobe.com,Virginia,US,586-213-7447,250
3,Aileen,Diggens,Male,adiggens2@chron.com,Ohio,US,414-618-9307,99
4,Milissent,Lyokhin,Female,mmacairt3@fastcompany.com,Virginia,US,289-923-3928,217
5,Kienan,Stanway,Male,kstanway4@lycos.com,Kentucky,US,185-726-4318,350
6,Brandie,Schimonek,Male,bscollick5@macromedia.com,Kentucky,US,574-326-7989,323
7,Englebert,Peaseman,Female,epeaseman6@vkontakte.ru,Virginia,US,298-983-5834,275
8,Katina,Craker,Female,kcraker7@tumblr.com,Ohio,US,103-221-8119,77
9,Nissie,Smewing,Male,nsmewing8@state.tx.us,Kentucky,US,721-573-0606,344
10,Skipton,Meco,Female,smeco9@independent.co.uk,Virginia,US,725-521-6886,238
11,Lucais,Stoite,Male,lstoitea@cocolog-nifty.com,Kentucky,US,177-292-2353,355
12,Shalne,Sopp,Male,ssoppb@sitemeter.com,Kentucky,US,800-873-8514,346
13,Dorelle,Sighart,Male,dsighartc@lulu.com,Kentucky,US,159-638-0739,335
14,Marcia,Imesson,Female,mingreyd@skyrock.com,New York,US,161-111-0795,183
15,Germain,O'Hartnedy,Male,gohartnedye@alexa.com,Virginia,US,659-226-6776,261
16,Herve,Coupland,Male,hcouplandf@t.co,Ohio,US,274-512-9316,70
17,Iggy,Duffett,Male,iduffettg@weibo.com,Ohio,US,955-528-9097,112
18,Fernando,Blewett,Male,fblewetth@storify.com,Washington,US,848-844-6148,30
19,Phylis,Butterfill,Female,pbutterfilli@harvard.edu,Ohio,US,227-656-2131,49
20,Oates,Lorente,Female,olorentej@mac.com,Virginia,US,718-254-3538,214
21,Jade,Storey,Female,jstoreyk@ucoz.com,Kentucky,US,413-925-9548,356
22,Malcolm,Woollhead,Female,mwoollheadl@wufoo.com,Illinois,US,333-290-6488,404
23,Amabelle,Fenning,Male,afenningm@merriam-webster.com,Connecticut,US,666-566-9060,130
24,Leese,Absolem,Female,ladvanin@github.com,New Jersey,US,329-179-2858,3
25,Barris,Keemar,Male,bkillfordo@godaddy.com,New York,US,876-599-0692,194
26,Leigh,Standish,Female,lstandishp@purevolume.com,Kentucky,US,184-415-3324,349
27,Zitella,Cousins,Female,zcousinsq@creativecommons.org,Ohio,US,212-327-2150,71
28,Tarrah,Caw,Female,tcawr@symantec.com,Ohio,US,456-113-5728,55
29,Robbyn,McLugish,Male,rmclugishs@nhs.uk,Virginia,US,656-336-5037,236
30,Jard,Dilke,Male,jdilket@msn.com,Ohio,US,928-275-9801,101
31,Rodney,Thornborrow,Female,rthornborrowu@hatena.ne.jp,Kentucky,US,237-910-2160,370
32,Jacquelynn,Steely,Male,jsteelyv@census.gov,Kentucky,US,472-739-8553,352
33,Margie,Eunson,Female,meunsonw@mysql.com,Ohio,US,672-740-4029,127
34,Flo,Chalcraft,Male,fchiversx@bizjournals.com,Ohio,US,523-716-4152,58
35,Penni,Rigmand,Male,promagnosiy@rakuten.co.jp,California,US,496-963-8223,309
36,Jobye,Maycey,Male,jmcalindenz@ezinearticles.com,Virginia,US,288-901-6801,231
37,Cynthie,Fackney,Male,cfelder10@bizjournals.com,Ohio,US,405-865-4232,129
38,Merline,Gemeau,Female,mgemeau11@constantcontact.com,Connecticut,US,616-123-4872,146
39,Artair,Le Quesne,Female,alenoir12@eventbrite.com,Virginia,US,516-449-4080,209
40,Robyn,Haskett,Female,rhaskett13@pbs.org,New York,US,124-625-6492,169
41,Barnaby,Sidlow,Male,bsidlow14@cam.ac.uk,Kentucky,US,543-355-9069,334
42,Gris,Paulsen,Female,gpaulsen15@tamu.edu,Virginia,US,675-181-2809,271
43,Sibbie,Penylton,Female,spenylton16@kickstarter.com,California,US,158-300-9743,280
44,Jobey,Dugmore,Female,jdugmore17@sourceforge.net,Ohio,US,518-226-9838,114
45,Meg,Skurm,Male,mskurm18@trellian.com,Kentucky,US,905-137-4325,343
46,Trish,Bartolomieu,Male,tbartolomieu19@a8.net,Texas,US,505-725-7346,17
47,Cornell,Keatch,Male,ckeatch1a@dropbox.com,New York,US,744-590-7472,192
48,Ulla,Brownstein,Male,ubrownstein1b@eventbrite.com,Washington,US,125-967-2999,44
49,Cindie,Betjeman,Female,cbetjeman1c@e-recht24.de,Washington,US,365-846-8886,28
50,Royal,Brocking,Male,rbrocking1d@army.mil,Washington,US,706-845-9984,42
51,Shirlene,Borres,Female,sbortoloni1e@tiny.cc,Washington,US,141-914-4106,35
52,Anitra,Hawkslee,Male,ahawkslee1f@g.co,New York,US,969-846-5443,171
53,Bobbe,Wittering,Female,bwittering1g@surveymonkey.com,Illinois,US,280-756-7921,402
54,Gardiner,Dudman,Male,gdudman1h@newyorker.com,Ohio,US,698-447-0150,110
55,Ingrim,De Mars,Male,idenkel1i@4shared.com,Ohio,US,702-239-2465,98
56,Tiffanie,Van der Kruys,Female,tvanderkruys1j@clickbank.net,Illinois,US,458-551-4667,387
57,Lanette,Laughtisse,Female,llaughtisse1k@elegantthemes.com,Virginia,US,893-928-1059,206
58,Emmit,Coveny,Female,ecoveny1l@mozilla.com,Ohio,US,165-476-7973,72
59,Audrie,Privett,Male,aprivett1m@tripod.com,California,US,608-561-5337,292
60,Liese,Absolem,Female,aainslie1n@studiopress.com,New Jersey,US,724-930-9130,3
61,Far,Teape,Male,fteape1o@deliciousdays.com,Kentucky,US,304-772-9632,367
62,Vaughn,Domsalla,Male,vdomsalla1p@globo.com,Ohio,US,104-243-3845,104
63,Andriana,Gare,Female,agare1q@disqus.com,Connecticut,US,408-592-1668,140
64,Nanete,Blaxland,Male,nblaxland1r@jalbum.net,Washington,US,888-403-8950,29
65,Storm,MacRorie,Female,smangeney1s@clickbank.net,Virginia,US,573-424-0861,224
66,Eal,Grombridge,Female,ehakey1t@livejournal.com,New York,US,629-915-4262,164
67,Had,Sandford,Female,hsandford1u@cbslocal.com,Kentucky,US,784-309-4870,316
68,Bertie,Chalcraft,Male,bclayworth1v@rakuten.co.jp,Ohio,US,221-732-1603,59
69,Holly,Applegarth,Male,harmfirld1w@rambler.ru,Nevada,US,918-828-5154,12
70,Hansiain,Martindale,Male,hmartindale1x@blog.com,Virginia,US,204-836-6340,226
71,Sebastien,Gleadhall,Female,sgleadhall1y@ameblo.jp,Connecticut,US,131-420-6265,152
72,Michaela,O'Shevlan,Male,moshevlan1z@lycos.com,Virginia,US,363-865-2127,268
73,Aguste,Wakeling,Male,awickling20@imageshack.us,Illinois,US,618-266-6516,395
74,Kara-lynn,Oswal,Male,koswal21@amazon.co.jp,Virginia,US,312-849-1941,269
75,Ladonna,Annott,Female,lannott22@xinhuanet.com,Nevada,US,521-674-0660,11
76,Adrianna,Edleston,Male,aedleston23@ibm.com,Ohio,US,185-425-5949,121
77,Kylie,Gilderoy,Female,kgillooly24@cargocollective.com,Connecticut,US,842-950-9668,151
78,Wilton,Mulvey,Female,wmulvey25@163.com,Virginia,US,242-234-8723,251
79,Earlie,Applegarth,Female,eashby26@google.com.br,Nevada,US,183-810-3443,12
80,Missie,Conybear,Male,mconybear27@nifty.com,Ohio,US,727-292-9346,65
81,Kylie,Purnell,Male,kpurnell28@cnn.com,California,US,468-553-4205,295
82,Kayla,Pignon,Female,kpignon29@mac.com,California,US,221-614-4115,284
83,Sephira,Swane,Male,standy2a@tinypic.com,Kentucky,US,320-814-7666,364
84,Courtenay,Covert,Female,ccovert2b@i2i.jp,Ohio,US,175-252-1115,73
85,Hasty,Eddolls,Male,heddolls2c@vinaora.com,Ohio,US,444-631-9231,120
86,Ganny,Soot,Male,gsoot2d@howstuffworks.com,Kentucky,US,979-976-4722,345
87,Quinlan,Tiller,Female,qtiller2e@wp.com,Kentucky,US,700-975-1017,373
88,Nellie,Grellier,Male,ngrellier2f@rakuten.co.jp,New York,US,257-669-0011,161
89,Anna-diana,Dwerryhouse,Female,adwerryhouse2g@oakley.com,Ohio,US,986-819-7086,117
90,Dev,Marrion,Female,dmarrion2h@skype.com,Virginia,US,582-737-3983,225
91,Tova,Canton,Female,tcanton2i@surveymonkey.com,Ohio,US,133-749-0749,52
92,Maxy,Gershom,Female,mgershom2j@51.la,Connecticut,US,951-605-5344,147
93,Ceil,Tharme,Male,ctharme2k@vinaora.com,Kentucky,US,902-667-5186,368
94,Gerard,Toy,Male,gtoy2l@army.mil,Kentucky,US,563-467-7369,379
95,Ruby,Simonou,Male,rsimonou2m@squarespace.com,Kentucky,US,767-540-2782,337
96,Dane,Tremayle,Female,dtremayle2n@un.org,Kentucky,US,616-352-3588,381
97,Edgardo,Grombridge,Male,cgrombridge92@miibeian.gov.cn,New York,US,403-342-5761,163
98,Rosalinda,Ferrari,Male,rferrari2p@bbb.org,Connecticut,US,731-996-9488,132
99,Sheeree,Ojeda,Male,sosheeryne2q@mit.edu,Virginia,US,708-988-1869,267
100,Christopher,Cowmeadow,Female,ccowmeadow2r@hugedomains.com,Ohio,US,841-166-2763,75
101,Geralda,Wiltsher,Male,gwiltsher2s@telegraph.co.uk,Illinois,US,999-192-0716,397
102,Duff,Kleiser,Male,dkyngdon2t@bloomberg.com,New York,US,602-136-8892,203
103,Robbert,Daton,Male,rdaton2u@google.co.jp,Ohio,US,806-470-3984,93
104,Nicol,Chalcraft,Male,nchristene2v@wufoo.com,Ohio,US,669-604-6453,59
105,Granville,Maycey,Male,gmcgall2w@weather.com,Virginia,US,770-932-2873,234
106,Bar,O'Hear,Female,bohear2x@feedburner.com,Virginia,US,137-180-7754,262
107,Tiffie,Utley,Male,tutley2y@aol.com,Illinois,US,742-340-2882,386
108,Tobin,Vassman,Female,tvassman2z@opera.com,Illinois,US,814-807-2768,389
109,Petey,Swane,Female,psyder30@twitter.com,Kentucky,US,991-647-6916,362
110,Husein,Woolam,Male,hwoolam31@yellowpages.com,Illinois,US,911-815-3254,403
111,Rebecca,Riddall,Male,rriddall32@tmall.com,California,US,468-739-8967,304
112,Josepha,Mewis,Female,jmewis33@tripadvisor.com,Virginia,US,531-269-6118,241
113,Ingram,Sandhill,Male,isandhill34@google.com.br,Kentucky,US,552-593-2182,317
114,Izzy,Quinion,Male,iquinion35@google.fr,California,US,138-970-8095,297
115,Dunstan,Skett,Female,dskett36@ihg.com,Kentucky,US,179-438-1865,340
116,Ronda,Skilling,Female,rskilling37@bbc.co.uk,Kentucky,US,765-863-9401,342
117,Adrienne,Brocklehurst,Male,abrocklehurst38@privacy.gov.au,Washington,US,612-398-5786,43
118,Chiquita,Nann,Male,cnann39@php.net,Virginia,US,679-882-9116,253
119,Findley,Sattin,Female,fsattin3a@cloudflare.com,Kentucky,US,851-656-1467,319
120,Odelia,Heynen,Female,oheynen3b@columbia.edu,New York,US,966-590-7139,174
121,Lisetta,Kitchinham,Female,lkitchinham3c@goo.ne.jp,New York,US,358-355-8928,198
122,Glen,Vertigan,Male,gvertigan3d@google.co.uk,Illinois,US,536-511-4086,392
123,Zackariah,Digger,Female,zdigger3e@businesswire.com,Ohio,US,994-744-8343,100
124,Enrika,Durnan,Female,edurnan3f@dell.com,Ohio,US,156-386-0957,115
125,Jeddy,Pawelski,Male,jpawelski3g@buzzfeed.com,Virginia,US,460-485-0054,274
126,Ross,Creaser,Female,rcreaser3h@wix.com,Ohio,US,879-699-2700,80
127,Isabelle,Beadnall,Male,ibeadnall3i@oakley.com,Texas,US,711-371-6200,22
128,Madelaine,Kleinmintz,Female,mkleinmintz3j@zimbio.com,New York,US,320-553-8783,200
129,Beret,MacRinn,Male,bmacrinn3k@cmu.edu,Virginia,US,662-260-2209,222
130,Wolfie,MacRorie,Female,wmagor3l@blogtalkradio.com,Virginia,US,339-235-3509,224
131,Eda,Shee,Male,eshee3m@ft.com,Kentucky,US,928-576-3235,332
132,Dallas,Kleinert,Male,dkleinert3n@buzzfeed.com,New York,US,105-543-7053,199
133,Ibrahim,Loblie,Male,iloblie3o@tripadvisor.com,Virginia,US,643-554-4382,212
134,Adamo,Sowley,Female,aspoor3p@a8.net,Kentucky,US,918-597-6597,347
135,Alexis,Rigmand,Male,aroisen3q@bloglovin.com,California,US,428-112-3184,308
136,Vanya,Kisar,Female,vkisar3r@sphinn.com,New York,US,941-352-5845,197
137,Vilma,De Mars,Female,vdemars3s@is.gd,Ohio,US,827-474-4596,97
138,Wandis,Blewett,Male,wboam3t@wired.com,Washington,US,655-269-4581,32
139,Harlie,Berrow,Male,hberrow3u@purevolume.com,Washington,US,144-552-5755,27
140,Arne,Colwell,Female,acolwell3v@businessweek.com,Ohio,US,792-780-3997,62
141,Alexis,Erdes,Female,aerdes3w@mapquest.com,Ohio,US,839-326-4329,125
142,Doyle,Wakeling,Male,dweale3x@boston.com,Illinois,US,187-795-7452,395
143,Laina,Francescone,Female,lganforth3y@nih.gov,Connecticut,US,478-393-7288,138
144,Merola,Sheekey,Male,msheekey3z@businessinsider.com,Kentucky,US,354-643-3784,333
145,Lennie,Cowwell,Male,lcowwell40@washington.edu,Ohio,US,512-405-7051,76
146,Gillie,Gianolini,Female,ggianolini41@tripod.com,Connecticut,US,212-819-5067,149
147,Abbie,Swane,Female,asybbe42@tripod.com,Kentucky,US,312-373-8139,361
148,Pammi,Von Der Empten,Female,pvonderempten43@cbslocal.com,Illinois,US,291-516-8324,393
149,Mella,Curr,Female,mcurr44@opensource.org,Ohio,US,914-798-6357,85
150,Margo,Chalcot,Female,mchalcot45@bluehost.com,Ohio,US,122-919-2168,56
151,Judd,Pedrocco,Male,jpenritt46@pcworld.com,Virginia,US,102-383-0081,279
152,Devin,Torrese,Female,dtorrese47@imdb.com,Kentucky,US,106-458-4194,377
153,Carr,Keemar,Female,ckeemar48@wikimedia.org,New York,US,382-816-6514,193
154,Caria,Ridwood,Male,cridwood49@wordpress.org,California,US,874-344-9929,305
155,Gunner,Middlemass,Female,gmiddlemass4a@printfriendly.com,Virginia,US,657-352-0132,242
156,Korney,Rigmand,Male,krigmand4b@barnesandnoble.com,California,US,407-265-7398,307
157,Leesa,De Lisle,Female,ldelisle4c@fema.gov,Ohio,US,176-574-9359,96
158,Quinn,Francescone,Female,qfrancescone4d@tripod.com,Connecticut,US,198-872-3177,137
159,Wayland,Wroath,Female,wwroath4e@yandex.ru,Illinois,US,987-818-0517,405
160,Ardelia,Meany,Female,ameany4f@shinystat.com,Virginia,US,790-423-2977,237
161,Ondrea,Garnsey,Male,ogarnsey4g@blogtalkradio.com,Connecticut,US,281-990-8494,142
162,Hort,Benian,Female,hbenian6h@dmoz.org,Texas,US,758-188-8638,25
163,Sanson,Berrisford,Female,sberrisford4i@seesaa.net,Washington,US,734-689-1559,26
164,Hussein,D,Female,hdanielovitch4j@tinypic.com,Ohio,US,780-206-6658,91
165,Zerk,Battaille,Male,zbattaille4k@ted.com,Texas,US,205-497-4522,20
166,Porty,Aartsen,Male,paartsen4l@nifty.com,New Jersey,US,189-407-8226,1
167,Albina,O'Corrane,Female,aocorrane4m@jugem.jp,Virginia,US,835-407-1211,259
168,Tadio,Tripcony,Female,ttripcony4n@spotify.com,Illinois,US,160-423-6736,383
169,Caren,MacRannell,Male,cmacrannell4o@cafepress.com,Virginia,US,850-460-6627,221
170,Mercedes,Dakin,Male,mdakin4p@digg.com,Ohio,US,468-754-1288,89
171,Keary,Wilton,Female,kwilton4q@storify.com,Illinois,US,573-841-3637,396
172,Pietro,Lawrence,Female,plawrence4r@fda.gov,Virginia,US,573-251-1815,207
173,Yehudi,Fackney,Female,yfackney4s@51.la,Ohio,US,516-553-5653,128
174,Stearn,Branthwaite,Male,sbranthwaite4t@google.fr,Washington,US,362-689-2795,39
175,Danice,Ranald,Male,dranald4u@symantec.com,California,US,983-712-8130,299
176,Hermann,Conybear,Female,hcopnar4v@istockphoto.com,Ohio,US,677-549-5392,66
177,Darlleen,Wilstead,Female,dwilstead4w@hp.com,Illinois,US,526-664-9540,395
178,Curcio,Thurman,Male,cthurman4x@ft.com,Kentucky,US,436-567-3267,371
179,Deni,Jest,Female,djest4y@typepad.com,New York,US,451-615-8955,187
180,Bobbe,Sowley,Male,bsparshett4z@histats.com,Kentucky,US,269-804-0412,347
181,Brandyn,Wiper,Female,bwiper50@utexas.edu,Illinois,US,754-669-7984,400
182,Tiena,Reiner,Male,treiner51@fc2.com,California,US,739-771-0548,302
183,Ursuline,Wroath,Male,uwrotham52@istockphoto.com,Illinois,US,794-874-3903,405
184,Cheri,Goldsbury,Female,cgoldsbury53@unc.edu,Connecticut,US,988-258-5660,154
185,Tamiko,Pinnigar,Male,tpinnigar54@amazon.de,California,US,911-201-1881,286
186,Jacquelyn,De Caville,Male,jdecaville55@goo.gl,Ohio,US,339-320-0246,95
187,Tamiko,Le Quesne,Male,tlill56@bloglovin.com,Virginia,US,270-324-3713,209
188,Roseanna,Wakeling,Female,rwatsham57@archive.org,Illinois,US,224-734-2642,395
189,Justino,Gapp,Female,jgapp58@jimdo.com,Connecticut,US,333-390-8219,139
190,Reinaldos,Laughnan,Female,rlaughnan59@abc.net.au,Virginia,US,401-477-7599,205
191,Ruddy,Shadfourth,Female,rshadfourth5a@blogger.com,Kentucky,US,797-630-8601,330
192,Perceval,Pilbury,Female,ppilbury5b@flickr.com,California,US,247-100-8122,285
193,Klarrisa,Absolem,Male,aainslie1n@studiopress.com,New Jersey,US,819-222-8412,3
194,Burl,Applegarth,Female,bapplegarth5d@walmart.com,Nevada,US,419-647-1486,12
195,Justinn,Hunter,Female,jhunter5e@exblog.jp,New York,US,627-360-9792,179
196,Zebulon,Rigmand,Male,zrosenau5f@newsvine.com,California,US,205-316-4859,310
197,Pennie,Alldre,Female,palldre5g@slideshare.net,Nevada,US,167-403-3288,7
198,Arleta,Trinbey,Female,atrinbey5h@123-reg.co.uk,Illinois,US,368-649-8517,382
199,Enoch,Zorn,Male,ezorn5i@topsy.com,Illinois,US,632-196-3884,407
200,Steffie,Hebard,Male,shebard5j@skype.com,New York,US,852-286-0765,172
201,Nert,Picopp,Female,npicopp5k@tiny.cc,California,US,625-988-1591,283
202,Honoria,Jeffels,Male,hjeffels5l@scribd.com,New York,US,841-620-5727,185
203,Stace,Hathorn,Male,shathorn5m@disqus.com,New York,US,584-356-2802,170
204,Eadie,Ickovic,Male,eickovic5n@usda.gov,New York,US,478-902-1537,181
205,Gina,Le Quesne,Female,gleaming5o@wordpress.org,Virginia,US,377-942-5708,208
206,Minni,De Mars,Male,mdeldello5p@parallels.com,Ohio,US,830-422-5348,97
207,Glennis,Mongenot,Female,gmongenot5q@sourceforge.net,Virginia,US,686-229-4371,246
208,Pauletta,Allardyce,Female,pallardyce5r@state.tx.us,New Jersey,US,570-322-2630,6
209,Angie,O'Currane,Male,aocurrane5s@shop-pro.jp,Virginia,US,293-779-0545,260
210,Phyl,Butterfill,Female,pbutterfilli@hotmail.com,Ohio,US,227-656-2131,49
211,Darcey,Gherardelli,Male,dgherardelli5u@so-net.ne.jp,Connecticut,US,382-590-3742,148
212,Wilhelmine,Shadbolt,Female,wshadbolt5v@elpais.com,Kentucky,US,339-920-1530,329
213,Reid,Simon,Male,rsimon5w@fc2.com,Kentucky,US,484-908-6393,336
214,Rebe,Aumerle,Female,raumerle5x@vinaora.com,Nevada,US,644-544-4031,14
215,Starlin,Stachini,Male,sstachini5y@psu.edu,Kentucky,US,264-184-3074,348
216,Chantal,Kleiser,Female,clanglois5z@sun.com,New York,US,838-765-8770,203
217,Ginny,Rigmand,Female,growney60@sphinn.com,California,US,523-825-6549,312
218,Terrie,Aird,Female,taird61@ucoz.ru,New Jersey,US,362-261-8916,4
219,Sadella,Czaja,Male,sczaja62@yelp.com,Ohio,US,844-776-8615,87
220,Morey,Maycey,Male,mmaycey63@techcrunch.com,Virginia,US,952-372-0722,230
221,Joela,Scapens,Male,jscapens64@free.fr,Kentucky,US,851-770-7479,321
222,Glenn,Mongenot,Female,gmongenot5q@ms.com,Virginia,US,686-229-4371,249
223,Charmian,Kleiser,Female,ckondratenya66@friendfeed.com,New York,US,841-755-6758,202
224,Karia,Connochie,Male,kconnochie67@google.com.hk,Ohio,US,867-563-6684,64
225,Morie,Kirrage,Male,mkirrage68@vk.com,New York,US,105-282-7660,196
226,Devonne,Imesson,Male,disles69@disqus.com,New York,US,776-268-0038,198
227,Augy,Cattel,Female,acattel6a@phpbb.com,Ohio,US,251-807-6667,54
228,Maxine,Francescone,Male,mgable6b@feedburner.com,Connecticut,US,506-236-3932,137
229,Gauthier,Fackney,Female,gfaithfull6c@infoseek.co.jp,Ohio,US,462-832-3949,129
230,Thomasina,Dobbins,Male,tdobbins6d@miibeian.gov.cn,Ohio,US,877-567-9135,103
231,Heda,Maycey,Female,hmccosker6e@discovery.com,Virginia,US,306-383-6622,233
232,Nadine,Garnsey,Female,ngarvill6f@state.tx.us,Connecticut,US,653-688-1978,142
233,Danyette,Pinnigar,Female,dpoulson6g@columbia.edu,California,US,638-194-0097,290
234,Hortensia,Benian,Female,hbenian6h@dmoz.org,Texas,US,758-188-8638,24
235,Traver,Karslake,Female,tkarslake6i@google.cn,New York,US,512-727-6290,191
236,Gaylor,Crippin,Male,gcrippin6j@jugem.jp,Ohio,US,476-827-1166,81
237,Wallas,Lattin,Male,wlattin6k@reverbnation.com,Virginia,US,656-261-4307,204
238,Geralda,Ojeda,Male,goldacres6l@rediff.com,Virginia,US,347-152-6963,264
239,Victoir,Keemar,Male,vkilmaster6m@sakura.ne.jp,New York,US,267-630-2016,194
240,Claudianus,Borres,Male,cborres6n@yahoo.co.jp,Washington,US,344-930-3669,35
241,Suellen,Dracksford,Female,sdracksford6o@pbs.org,Ohio,US,460-750-0276,107
242,Christophe,Stockill,Male,cstockill6p@china.com.cn,Kentucky,US,563-714-9947,354
243,Hobey,Hawkslee,Male,hhayhurst6q@hexun.com,New York,US,644-995-8079,171
244,Nappy,Kapelhof,Female,nkapelhof6r@godaddy.com,New York,US,324-932-2553,190
245,Stinky,Brislen,Male,sbrixham6s@dmoz.org,Washington,US,929-670-1989,40
246,Crysta,Caston,Male,ccaston6t@comcast.net,Ohio,US,445-924-9232,52
247,Victoir,Tilliard,Female,vtilliard6u@etsy.com,Kentucky,US,533-915-9272,375
248,Sam,Schimonek,Male,sscone6v@mit.edu,Kentucky,US,435-962-6124,324
249,Dalt,Le Quesne,Male,dlias6w@drupal.org,Virginia,US,253-204-6293,209
250,Christiana,Goodey,Female,cgothup6x@gov.uk,Connecticut,US,647-602-4539,157
251,Reyna,Chalcraft,Male,rclayborn6y@deliciousdays.com,Ohio,US,954-682-1091,59
252,Wanda,W,Female,wwroath@yahoo.co.uk,Illinois,US,945-987-8057,405
253,Kattie,Straun,Female,kstraun70@godaddy.com,Kentucky,US,732-333-1685,357
254,Willette,Crease,Female,wcrease71@fc2.com,Ohio,US,753-352-9991,79
255,Henriette,Winscom,Male,hwinscom72@who.int,Illinois,US,161-247-8265,398
256,Sharline,Cordelette,Male,scordelette73@de.vu,Ohio,US,772-427-2592,69
257,Deb,Batters,Male,dbatters74@pbs.org,Texas,US,985-534-0643,21
258,Lilia,Applegarth,Female,larchbald75@freewebs.com,Nevada,US,992-423-6987,12
259,Melitta,Swane,Female,mszymanzyk76@unicef.org,Kentucky,US,590-501-5391,363
260,Tudor,Swane,Female,ttaylerson77@godaddy.com,Kentucky,US,607-955-1880,366
261,Max,Francescone,Male,mgable6b@feedburner.com,Connecticut,US,506-236-3932,137
262,Joletta,Murrthum,Male,jmurrthum79@bloglovin.com,Virginia,US,380-315-9278,252
263,Robenia,Gebbie,Female,rgebbie7a@ovh.net,Connecticut,US,664-844-7134,144
264,Jae,Garnall,Male,jgarnall7b@e-recht24.de,Connecticut,US,972-368-4106,141
265,Aveline,Cattanach,Female,acattanach7c@squarespace.com,Ohio,US,265-927-6836,53
266,Maurizio,Duffitt,Male,mduffitt7d@hp.com,Ohio,US,493-157-0375,113
267,Mayer,Conybear,Female,mcoopland7e@uol.com.br,Ohio,US,583-937-4316,66
268,Tammara,Sowley,Female,tsowley7f@1688.com,Kentucky,US,167-293-1642,347
269,Hussein,Dalliwater,Female,hdanielovitch@gmail.com,Ohio,US,780-206-6658,91
270,Eveleen,Saberton,Male,esaberton7h@auda.org.au,Kentucky,US,336-939-8881,315
271,Roddie,Vaux,Female,rvaux7i@fotki.com,Illinois,US,349-848-4735,390
272,Garner,Pavia,Female,gpavia7j@4shared.com,Virginia,US,435-585-3526,272
273,Iggy,Hartley,Female,ihartley7k@irs.gov,New York,US,386-998-0825,168
274,Thedrick,Dwine,Male,tdwine7l@ibm.com,Ohio,US,963-674-8637,118
275,Burk,Kleiser,Male,bkleiser7m@usnews.com,New York,US,972-511-5399,201
276,Demetris,Bolles,Male,dbolles7n@yellowbook.com,Washington,US,187-713-0496,33
277,Arleyne,Applegarth,Male,aarkil7o@irs.gov,Nevada,US,974-612-4743,12
278,Randy,Camelia,Male,rcamelia7p@psu.edu,Ohio,US,630-887-7856,50
279,Phineas,Dinning,Female,pdinning7q@hubpages.com,Ohio,US,150-387-6787,102
280,Culver,Le Quesne,Male,clever7r@google.com.br,Virginia,US,229-356-6500,209
281,Willard,Tuxwell,Male,wtuxwell7s@privacy.gov.au,Illinois,US,876-401-4603,384
282,Jorrie,Lorenzo,Male,jlorenzo7t@stanford.edu,Virginia,US,302-303-2614,215
283,Dany,Pinnigar,Female,dpoulson6g@columbia.edu,California,US,638-194-0097,287
284,Meryl,Boncore,Male,mboncore7v@networksolutions.com,Washington,US,238-645-7096,34
285,Gabrila,Winthrop,Male,gwinthrop7w@bravesites.com,Illinois,US,136-471-0971,399
286,Alicea,Empson,Male,aempson7x@shareasale.com,Ohio,US,972-443-9553,124
287,Lesli,MacRorie,Female,lmacrorie7y@parallels.com,Virginia,US,971-109-4564,223
288,Riki,Prujean,Female,rprujean7z@ifeng.com,California,US,245-877-7738,294
289,Cly,Benian,Female,cbergeau80@alibaba.com,Texas,US,879-315-4072,25
290,Cara,Bangley,Male,cbangley81@alexa.com,Texas,US,782-102-4436,16
291,Zena,Lyokhin,Male,zmacdonagh82@imgur.com,Virginia,US,921-602-6175,217
292,Sarah,Penzer,Male,spenzer83@gnu.org,California,US,713-163-2329,281
293,Lezley,Wakeling,Female,lwakeling84@berkeley.edu,Illinois,US,150-948-2117,395
294,Jen,Canacott,Male,jcanacott85@unc.edu,Ohio,US,229-875-1724,51
295,Huey,Ferneyhough,Female,hferneyhough86@nih.gov,Connecticut,US,859-272-4835,131
296,Wanda,Wroath,Female,wyushachkov8y@ebay.co.uk,Illinois,US,858-980-1252,405
297,Bridgette,Ferney,Female,bferney88@freewebs.com,Connecticut,US,580-490-9866,130
298,Lesly,MacRorie,Female,lmacrorie7y@parallels.com,Virginia,US,971-109-4564,224
299,Rob,Heintzsch,Male,rheintzsch8a@liveinternet.ru,New York,US,289-165-4439,173
300,Nealy,Patington,Female,npatington8b@howstuffworks.com,Virginia,US,316-902-6576,270
301,Ora,Finnimore,Male,ofinnimore8c@harvard.edu,Connecticut,US,233-516-7471,135
302,Mandy,Lillo,Male,mlillo8d@illinois.edu,Virginia,US,920-347-9578,210
303,Hilda,Sutliff,Female,hsutliff8e@bbc.co.uk,Kentucky,US,434-315-5825,359
304,Brana,Cordeau,Male,bcordeau8f@wikipedia.org,Ohio,US,267-606-2894,68
305,Garfield,Swane,Female,gswane8g@constantcontact.com,Kentucky,US,122-947-6219,360
306,Nikki,Chalcraft,Female,nchampe8h@google.com.br,Ohio,US,290-811-1308,58
307,Carroll,Bragge,Male,cbragge8i@feedburner.com,Washington,US,511-867-6376,37
308,Arnoldo,Bugdell,Male,abugdell8j@google.pl,Ohio,US,191-496-4414,45
309,Janina,Keemar,Male,jkinnoch8k@squarespace.com,New York,US,359-332-2812,195
310,Butch,Wakeling,Male,bwessel8l@netlog.com,Illinois,US,813-905-8423,395
311,Gaye,Brislen,Male,gbrislen8m@businessweek.com,Washington,US,780-984-5320,40
312,Rogers,Cutteridge,Male,rcutteridge8n@jugem.jp,Ohio,US,766-804-5372,86
313,Sarena,Rigmand,Female,srozzell8o@skype.com,Kentucky,US,427-438-7862,313
314,Amerigo,Canton,Male,acapper8p@cbsnews.com,Ohio,US,466-572-1239,52
315,Linette,Duferie,Female,lduferie8q@artisteer.com,Ohio,US,192-864-1093,111
316,Inesita,Jelkes,Male,ijelkes8r@google.cn,New York,US,733-356-3823,186
317,Konstanze,Absolem,Male,kabsolem8s@360.cn,New Jersey,US,736-559-9820,3
318,Floris,Wagon,Female,fwagon8t@surveymonkey.com,Illinois,US,189-537-3359,394
319,Aeriel,Kleiser,Female,alangeley8u@ted.com,New York,US,732-539-9226,203
320,Erie,Sturch,Female,esturch8v@java.com,Kentucky,US,511-426-4760,358
321,Kassia,Noddles,Female,knoddles8w@loc.gov,Virginia,US,857-916-5968,257
322,Fairlie,MacRorie,Female,fmarquet8x@wunderground.com,Virginia,US,384-704-4971,224
323,Wenda,Wroath,Female,wyushachkov8y@ebay.co.uk,Illinois,US,858-980-1252,405
324,Port,Prozescky,Male,pprozescky8z@google.ca,California,US,467-803-7716,293
325,Mariya,Vasquez,Female,mvasquez90@wp.com,Illinois,US,481-767-7172,388
326,Burker,Kleiser,Male,bkleiser7m@foxmail.com,New York,US,972-511-5399,202
327,Ed,Grombridge,Male,cgrombridge92@miibeian.gov.cn,New York,US,403-342-5761,163
328,Aliza,Sawle,Male,asawle93@ted.com,Kentucky,US,286-815-9421,320
329,Ramonda,Keemar,Female,rkilby94@apple.com,New York,US,988-437-6443,194
330,Arlyne,Applegarth,Male,darnau95@ovh.net,Nevada,US,763-612-2703,12
331,Morgan,Mongenot,Female,mmonnery96@ustream.tv,Virginia,US,986-857-0901,247
332,Bartholomew,Abramowitch,Male,babramowitch97@about.com,New Jersey,US,731-287-3887,2
333,Nellie,Goodey,Female,ngoodey98@biglobe.ne.jp,Connecticut,US,756-617-5472,156
334,Brennan,Le Quesne,Male,bley99@rakuten.co.jp,Virginia,US,926-627-1514,209
335,Jens,Tolputt,Female,jtolputt9a@ebay.co.uk,Kentucky,US,343-913-8811,376
336,Clarke,Bachs,Female,cbachs9b@issuu.com,Texas,US,373-858-6591,15
337,Caresse,Cowl,Female,ccowl9c@livejournal.com,Ohio,US,175-798-9534,74
338,Ilka,Clooney,Female,iclooney9d@google.com.br,Ohio,US,709-171-8343,60
339,Emmalynn,Schimonek,Male,eseine9e@cpanel.net,Kentucky,US,112-137-0312,326
340,Randell,De Mars,Male,rdecourcy9f@abc.net.au,Ohio,US,575-787-2163,97
341,Heall,Follin,Female,hfollin9g@mozilla.org,Connecticut,US,606-771-3806,136
342,Nell,Ojeda,Male,nongin9h@blinklist.com,Virginia,US,642-310-6315,265
343,Rowney,De Mars,Female,rdibner9i@nytimes.com,Ohio,US,873-384-3129,98
344,Waverly,Hookes,Female,whookes9j@slate.com,New York,US,221-254-0599,176
345,Uta,Kleiser,Male,ukyncl9k@histats.com,New York,US,765-793-5778,202
346,Euell,Hillborne,Male,ehillborne9l@google.de,New York,US,854-914-8139,175
347,Jewel,Conybear,Male,jcoopper9m@parallels.com,Ohio,US,477-708-3378,66
348,Dayle,Curness,Male,dcurness9n@usgs.gov,Ohio,US,273-966-4623,84
349,Claretta,Curgenuer,Male,ccurgenuer9o@pbs.org,Ohio,US,948-428-6389,83
350,Maryann,Lyokhin,Male,mlyokhin9p@wsj.com,Virginia,US,477-647-8721,217
351,Nickolas,Tidder,Female,ntidder9q@blogger.com,Kentucky,US,842-619-5636,372
352,Cam,Wakeling,Male,cwhitton9r@moonfruit.com,Illinois,US,865-220-6285,395
353,Clarissa,Nixon,Male,cnixon9s@rakuten.co.jp,Virginia,US,552-723-8465,256
354,Humfrid,Bransden,Male,hbransden9t@latimes.com,Washington,US,178-818-3675,38
355,Goober,Gilderoy,Female,ggiorgetti9u@examiner.com,Connecticut,US,517-556-6794,151
356,Lexy,Canton,Male,lcarmo9v@seattletimes.com,Ohio,US,694-555-9578,52
357,Berk,Mauser,Female,bmauser9w@tripadvisor.com,Virginia,US,217-789-6952,229
358,Sylas,Ranscome,Female,sranscome9x@princeton.edu,California,US,192-383-1761,300
359,Kally,Shafier,Female,kshafier9y@paginegialle.it,Kentucky,US,737-953-0073,331
360,Nanice,Borres,Female,nbosward9z@washingtonpost.com,Washington,US,986-489-5209,35
361,Heida,Garnsey,Female,hgassona0@admin.ch,Connecticut,US,367-342-2014,142
362,Germaine,Sellek,Female,gselleka1@reverbnation.com,Kentucky,US,704-744-0287,327
363,Devonne,Imesson,Female,ajanoucha2@a8.net,New York,US,482-966-2346,184
364,Christalle,Hallows,Female,challowsa3@nydailynews.com,New York,US,801-289-9473,165
365,Nik,Chalcraft,Female,nchampe8h@google.com.br,Ohio,US,290-811-1308,57
366,Lisha,Goundrill,Male,lgoundrilla5@reverbnation.com,New York,US,367-525-1637,158
367,Marie-ann,Swane,Male,mtappingtona6@amazon.de,Kentucky,US,433-772-6058,365
368,Jilli,Tregunna,Female,jtregunnaa7@epa.gov,Kentucky,US,121-583-9666,380
369,Raye,Grier,Male,rgriera8@ox.ac.uk,New York,US,991-785-7581,162
370,Vilma,Obee,Female,vobeea9@xrea.com,Virginia,US,999-620-3381,258
371,Tann,MacFaul,Female,tmacfaulaa@eepurl.com,Virginia,US,130-898-1523,218
372,Rufus,Gavagan,Male,rgavaganab@salon.com,Connecticut,US,385-537-8760,143
373,Clarabelle,Sarah,Female,csarahac@trellian.com,Kentucky,US,429-549-0461,318
374,Belinda,Allaker,Male,ballakerad@a8.net,New Jersey,US,917-341-5143,5
375,Alexi,Dalliwater,Male,adalliwaterae@comcast.net,Ohio,US,850-705-9065,91
376,Maddi,Fewster,Female,mfewsteraf@moonfruit.com,Connecticut,US,543-838-5886,134
377,Isacco,Blewett,Female,iblumireag@eventbrite.com,Washington,US,826-497-4699,31
378,Nichole,Dalligan,Male,ndalliganah@omniture.com,Ohio,US,205-163-6098,90
379,Ewart,Neem,Male,eneemai@psu.edu,Virginia,US,457-929-9310,254
380,Brigitte,Dorrian,Female,bdorrianaj@ifeng.com,Ohio,US,608-591-6633,105
381,Myron,Mitrikhin,Female,mmitrikhinak@theatlantic.com,Virginia,US,818-778-5243,244
382,Anders,Batram,Female,abatramal@so-net.ne.jp,Texas,US,564-362-5856,19
383,Clive,Steutly,Male,csteutlyam@wiley.com,Kentucky,US,510-909-7245,353
384,Sada,Boyington,Female,sboyingtonan@omniture.com,Washington,US,671-687-7405,36
385,Avrit,Pinnigar,Male,apitsallao@sina.com.cn,California,US,867-449-7107,288
386,Ingelbert,Altamirano,Female,ialtamiranoap@addtoany.com,Nevada,US,650-783-6011,10
387,Temple,Combes,Male,tcombesaq@artisteer.com,Ohio,US,678-210-7363,63
388,Martha,Riedel,Male,mriedelar@comcast.net,California,US,738-136-9620,306
389,Caty,Butterfill,Male,ccallfas@mapquest.com,Ohio,US,139-952-1232,49
390,Kaylee,Augustin,Male,kaugustinat@histats.com,Nevada,US,997-371-8134,13
391,Guinevere,Venturoli,Female,gventuroliau@delicious.com,Illinois,US,368-118-5410,391
392,Harley,Medley,Female,hmedleyav@pbs.org,Virginia,US,357-712-1666,239
393,Penelopa,MacRorie,Male,pmalkieaw@google.ru,Virginia,US,251-214-3109,224
394,Claudette,Gard,Male,cgardax@accuweather.com,Connecticut,US,577-897-5741,140
395,Cam,Rahl,Male,crahlay@google.ru,California,US,952-286-2707,298
396,Jsandye,Pedrocco,Male,jpelleraz@princeton.edu,Virginia,US,196-268-1081,278
397,Meris,Hursthouse,Male,mhursthouseb0@spotify.com,New York,US,619-306-3676,180
398,Amie,Ojeda,Male,aojedab1@pcworld.com,Virginia,US,204-775-0559,263
399,Bruno,Mattersley,Male,bmattersleyb2@list-manage.com,Virginia,US,475-277-2502,228
400,Terrell,Gredden,Female,tgreddenb3@vk.com,New York,US,625-402-6176,160
401,Aubry,Chalcraft,Female,achmarnyb4@netvibes.com,Ohio,US,988-573-5859,58
402,Danyette,McIntosh,Male,dmcintoshb5@ebay.com,Virginia,US,444-577-8373,235
403,Deeann,Benediktovich,Female,dbenediktovichb6@etsy.com,Texas,US,191-257-1129,23
404,Melany,Sowley,Female,mspiterib7@shinystat.com,Kentucky,US,227-656-8103,347
405,Colby,Linnit,Male,clinnitb8@businessinsider.com,Virginia,US,957-657-8278,211
406,Billie,Duckfield,Female,bduckfieldb9@yale.edu,Ohio,US,202-489-5371,109
407,Cacilie,Nicklin,Male,cnicklinba@google.ru,Virginia,US,411-690-9362,255
408,Norrie,Cullimore,Male,ncullimorebb@ft.com,Ohio,US,879-181-8044,82
409,Maudie,Houlton,Male,mhoultonbc@vkontakte.ru,New York,US,507-980-8774,177
410,Brenda,Applegarth,Female,barrellbd@kickstarter.com,Nevada,US,183-831-4119,12
411,Nolly,Giberd,Male,ngiberdbe@istockphoto.com,Connecticut,US,446-153-5887,150
412,Cal,Dowman,Female,cdowmanbf@addtoany.com,Ohio,US,204-300-1614,106
413,Orville,Ojeda,Male,oorrettbg@trellian.com,Virginia,US,157-439-5356,266
414,Lynnelle,Minkin,Male,lminkinbh@w3.org,Virginia,US,411-491-6931,243
415,Kayne,Buncombe,Female,kbuncombebi@deliciousdays.com,Ohio,US,598-524-0481,47
416,Brit,Goater,Female,bgoaterbj@hexun.com,Connecticut,US,420-966-2374,153
417,Maxy,F,Male,mgable@gmail.com,Connecticut,US,110-960-3685,138
418,Lombard,Maycey,Male,lmccorkellbl@typepad.com,Virginia,US,209-955-7393,232
419,Rozanna,Pedrocco,Female,rpelferbm@taobao.com,Virginia,US,350-165-7463,277
420,Nelly,Goodey,Female,ngoodey98@biglobe.ne.jp,Connecticut,US,756-617-5472,157
421,Forrester,Borres,Male,fbossonbo@google.de,Washington,US,114-383-3778,35
422,Sianna,Durrand,Male,sdurrandbp@paypal.com,Ohio,US,339-793-8603,116
423,Cally,Pavolini,Male,cpavolinibq@webnode.com,Virginia,US,668-840-4813,273
424,Mireille,Crippin,Male,mculbertbr@livejournal.com,Ohio,US,359-332-3816,81
425,Tremaine,Golsworthy,Male,tgolsworthybs@webmd.com,Connecticut,US,952-216-4963,155
426,Titos,Drohan,Male,tdrohanbt@dailymail.co.uk,Ohio,US,873-787-8326,108
427,Auroora,Brownstein,Male,abuchebu@canalblog.com,Washington,US,623-586-3742,44
428,Luce,Elph,Female,lelphbv@ucla.edu,Ohio,US,718-279-7269,123
429,Leigh,Dahlbom,Female,ldahlbombw@delicious.com,Ohio,US,595-551-2408,88
430,Kennie,Grombridge,Female,kguillermanbx@odnoklassniki.ru,New York,US,767-786-4196,163
431,Dollie,Bunce,Female,dbunceby@sourceforge.net,Ohio,US,846-229-4761,46
432,Kenny,Pedrocco,Female,kpedroccobz@goo.ne.jp,Virginia,US,100-278-4292,276
433,Ezekiel,Mongenot,Male,emorlandc0@rakuten.co.jp,Virginia,US,128-158-3534,248
434,Bartram,Molian,Female,bmolianc1@naver.com,Virginia,US,692-745-4678,245
435,Robina,Tilley,Male,rtilleyc2@google.com.hk,Kentucky,US,330-700-0299,374
436,Porty,Schimonek,Male,pseargeantc3@miitbeian.gov.cn,Kentucky,US,334-677-6513,325
437,Tatiana,Davydochkin,Female,tdavydochkinc4@sphinn.com,Ohio,US,901-795-6182,94
438,Aurora,Broadis,Male,abroadisc5@cloudflare.com,Washington,US,629-579-0610,41
439,Kippy,Butterfill,Male,kcaineyc6@cornell.edu,Ohio,US,431-382-9094,49
440,Korrie,MacPike,Male,kmacpikec7@baidu.com,Virginia,US,133-769-2889,220
441,Adena,Chalcraft,Female,acheeversc8@google.it,Ohio,US,664-353-6698,58
442,Emlynn,Le Quesne,Male,elequesnec9@spiegel.de,Virginia,US,861-871-6136,208
443,Kristian,Twaits,Female,ktwaitsca@moonfruit.com,Illinois,US,504-920-4941,385
444,Erna,Simonou,Male,esirlcb@psu.edu,Kentucky,US,341-570-4729,338
445,Krissie,Dykins,Male,kdykinscc@exblog.jp,Ohio,US,159-289-4996,119
446,Evey,Johananoff,Male,ejohananoffcd@utexas.edu,New York,US,280-638-7004,188
447,Dru,Benian,Male,dberensce@cdbaby.com,Texas,US,387-508-1932,24
448,Keelia,Skillen,Female,kskillencf@imageshack.us,Kentucky,US,972-706-3213,341
449,Henrie,Rigmand,Female,hrymmercg@cam.ac.uk,Kentucky,US,246-729-4384,314
450,Paulie,Imesson,Female,pimessonch@issuu.com,New York,US,398-857-4077,182
451,Sybil,De Mars,Female,sdericotci@blog.com,Ohio,US,216-843-4955,98
452,Heloise,Reynish,Male,hreynishcj@apple.com,California,US,861-566-5811,303
453,Bridgette,Ferrolli,Male,bferrollick@huffingtonpost.com,Connecticut,US,970-389-9448,133
454,Debbie,Eshelby,Male,deshelbycl@chicagotribune.com,Ohio,US,367-449-7006,126
455,Suellen,Grombridge,Female,shaberfieldcm@msn.com,New York,US,899-559-8683,164
456,Hakeem,Allom,Female,hallomcn@npr.org,Nevada,US,552-215-9926,9
457,Caraa,Bangley,Male,cbangley81@alexa.com,Texas,US,782-102-4436,16
458,Rawley,Fackney,Male,rfeechumcp@scribd.com,Connecticut,US,309-720-2150,129
459,Orville,Mattei,Female,omatteicq@ucla.edu,Virginia,US,798-520-0795,227
460,Towney,Hartin,Female,thartincr@cam.ac.uk,New York,US,669-405-5270,167
461,Loydie,Regis,Male,lregiscs@twitter.com,California,US,262-201-6063,301
462,Christoffer,Wisson,Female,cwissonct@canalblog.com,Illinois,US,941-774-4589,401
463,June,Gilderoy,Male,jgilderoycu@toplist.cz,Connecticut,US,332-452-7916,151
464,Gerri,Bangley,Female,gbartelscv@opera.com,Texas,US,927-302-7133,16
465,Penie,Allmen,Female,palldre5g@onet.net,Nevada,US,552-215-9926,8
466,Querida,Sowley,Female,qspaulecx@arstechnica.com,Kentucky,US,169-226-9255,347
467,Lannie,Geharke,Male,lgeharkecy@toplist.cz,Connecticut,US,455-133-9362,145
468,Cece,Brownstein,Female,cbrungercz@bbc.co.uk,Washington,US,980-943-6428,44
469,Maxine,Clousley,Male,mclousleyd0@studiopress.com,Ohio,US,498-149-6950,61
470,Stavros,Lukasen,Male,slukasend1@tuttocitta.it,Virginia,US,930-468-4755,216
471,Benn,Elloit,Female,belloitd2@live.com,Ohio,US,594-986-9175,122
472,Wesley,Pinnigar,Female,wpriddied3@spotify.com,California,US,622-360-9755,291
473,Sanderson,Harrop,Male,sharropd4@scribd.com,New York,US,537-954-5823,166
474,Carolin,Rigmand,Female,crotheryd5@weibo.com,Kentucky,US,135-199-4176,311
475,Tadeo,Schimonek,Female,tschimonekd6@goodreads.com,Kentucky,US,839-535-2933,322
476,Starr,Touhig,Female,stouhigd7@nyu.edu,Kentucky,US,135-769-0669,378
477,Emanuel,Brislen,Female,ebrittind8@bandcamp.com,Washington,US,255-591-4042,40
478,Deeann,Zmitrovich,Male,dzmitrovichd9@networksolutions.com,Illinois,US,409-192-5435,406
479,Valma,Imesson,Male,viskowitzda@answers.com,New York,US,901-141-7510,183
480,Weidar,Longhorne,Male,wlonghornedb@microsoft.com,Virginia,US,728-626-3483,213
481,Cy,Mackrell,Male,cmackrelldc@icq.com,Virginia,US,392-336-9709,219
482,Chandal,Purser,Female,cpurserdd@fema.gov,California,US,768-158-1624,296
483,Forrest,Pfeffel,Male,fpfeffelde@shutterfly.com,California,US,816-969-3115,282
484,Tasia,Keemar,Male,tkinkerdf@ucla.edu,New York,US,928-440-4781,195
485,Agretha,Thompson,Female,athompsondg@fastcompany.com,Kentucky,US,964-845-4591,369
486,Jackqueline,Semmence,Female,jsemmencedh@yelp.com,Kentucky,US,719-987-0943,328
487,Raddie,Stede,Female,rstededi@berkeley.edu,Kentucky,US,614-140-4698,351
488,Laurella,Bangley,Male,lbarthramdj@posterous.com,Texas,US,404-735-4717,16
489,Bastien,Graves,Female,bgravesdk@seattletimes.com,New York,US,933-477-5642,159
490,Esta,Pinnigar,Male,epostindl@woothemes.com,California,US,534-561-8434,289
491,Ichabod,Goodey,Male,igoodhalldm@wordpress.org,Connecticut,US,110-290-9180,157
492,Maurine,Mesant,Male,mmesantdn@merriam-webster.com,Virginia,US,208-692-5495,240
493,Ric,Corbitt,Male,rcorbittdo@loc.gov,Ohio,US,950-795-7850,67
494,Olivie,Hovard,Female,ohovarddp@google.cn,New York,US,982-851-4396,178
495,Amalita,Kalb,Male,akalbdq@loc.gov,New York,US,689-814-5399,189
496,Silas,Dalliwater,Female,sdarwendr@infoseek.co.jp,Ohio,US,720-245-0474,92
497,Stevie,Bowler,Female,sbowlerds@youtu.be,Washington,US,723-252-7300,35
498,Hyacintha,Cranmer,Male,hcranmerdt@i2i.jp,Ohio,US,930-663-1738,78
499,Christie,Simonou,Female,cskepperdu@typepad.com,Kentucky,US,833-969-4798,339
500,Tilly,Basnett,Male,tbasnettdv@ning.com,Texas,US,279-161-3554,18
